region_id,2011_Census_All_incomes_not_stated_Rent_100_149,2011_Census_All_incomes_not_stated_Rent_150_199,2011_Census_All_incomes_not_stated_Rent_200_224,2011_Census_All_incomes_not_stated_Rent_225_274,2011_Census_All_incomes_not_stated_Rent_275_349,2011_Census_All_incomes_not_stated_Rent_350_449,2011_Census_All_incomes_not_stated_Rent_450_549,2011_Census_All_incomes_not_stated_Rent_550_649,2011_Census_All_incomes_not_stated_Rent_650_or_more,2011_Census_All_incomes_not_stated_Rent_Not_stated,2011_Census_All_incomes_not_stated_Rent_Total,2011_Census_Total_Rent_0_74,2011_Census_Total_Rent_75_99,2011_Census_Total_Rent_100_149,2011_Census_Total_Rent_150_199,2011_Census_Total_Rent_200_224,2011_Census_Total_Rent_225_274,2011_Census_Total_Rent_275_349,2011_Census_Total_Rent_350_449,2011_Census_Total_Rent_450_549,2011_Census_Total_Rent_550_649,2011_Census_Total_Rent_650_or_more,2011_Census_Total_Rent_Not_stated,2011_Census_Total_Rent_Total
10101,36,21,19,8,8,0,5,0,3,40,199,804,338,917,1330,748,872,617,223,83,31,49,263,6275
10102,12,12,13,4,11,10,11,0,0,24,117,313,199,307,524,452,707,1035,1027,416,160,93,186,5419
10103,3,7,9,6,0,4,0,0,9,12,57,236,89,298,337,199,242,160,103,40,37,193,104,2038
10104,32,46,28,24,11,5,0,0,0,44,223,547,292,743,1277,914,1413,1063,338,48,14,66,268,6983
10201,49,37,26,48,45,28,5,0,4,120,442,691,777,972,1301,1062,2437,4331,2807,771,233,192,484,16058
10202,56,55,32,77,59,28,9,0,10,107,492,634,625,957,1580,1334,3259,4432,2056,321,96,107,478,15879
10301,14,16,16,12,10,0,0,0,3,26,120,359,211,519,756,591,861,721,335,39,7,23,155,4577
10302,57,35,3,4,0,4,0,0,0,41,198,1010,445,1424,1481,418,360,171,54,15,6,38,277,5699
10303,37,31,19,3,10,4,0,0,3,37,165,477,198,636,994,559,587,404,229,50,7,45,173,4359
10304,26,34,8,11,8,4,4,0,0,59,185,445,318,611,1074,577,956,881,500,146,36,80,307,5931
10401,30,25,12,28,19,0,3,0,0,38,178,374,176,540,877,598,1009,905,218,53,14,55,156,4975
10402,34,47,16,21,24,17,0,0,0,67,270,563,485,760,1183,932,1582,2204,1411,267,53,89,352,9881
10501,38,15,0,4,3,5,3,0,0,27,130,1141,297,950,597,154,118,55,29,7,6,25,256,3635
10502,18,20,3,3,3,0,0,0,0,16,68,426,92,515,518,180,107,71,23,9,6,26,110,2083
10503,60,35,12,14,10,3,0,4,5,44,245,831,465,1560,1579,735,934,521,226,16,7,55,299,7228
10601,17,33,22,32,18,8,0,0,3,77,246,562,356,639,1016,737,1419,1361,818,142,28,60,328,7466
10602,19,20,5,14,23,14,0,0,0,34,160,234,342,529,704,494,900,1507,1008,167,18,37,212,6152
10603,21,11,14,17,20,3,3,3,3,52,168,342,302,487,780,830,1368,1618,890,162,47,77,241,7144
10604,20,16,3,9,5,3,0,0,0,27,110,498,120,430,587,388,478,498,381,57,17,36,220,3710
10701,36,26,9,18,26,5,0,0,5,52,230,448,671,884,936,524,949,1198,544,105,23,42,265,6589
10702,0,0,0,0,0,0,0,0,0,0,0,0,0,0,3,0,3,0,0,0,0,0,0,6
10703,20,24,7,21,20,12,3,0,3,40,195,359,459,587,767,589,1085,1710,1296,298,56,73,255,7534
10704,29,45,25,39,39,31,22,5,6,115,463,789,1252,1056,1587,1100,2025,2975,2390,936,329,238,525,15202
10801,10,24,9,7,13,3,0,0,0,20,104,213,110,323,738,362,572,609,208,27,18,33,122,3335
10802,21,37,19,31,5,3,0,0,0,37,174,402,239,734,1142,753,899,533,152,50,10,37,182,5133
10803,0,0,0,0,0,0,0,0,0,0,0,20,6,6,5,9,3,4,4,0,0,0,6,63
10804,18,38,14,29,15,7,3,0,3,54,208,391,382,546,1050,739,1336,1766,1104,216,43,68,275,7916
10805,32,39,17,25,4,0,0,0,0,38,183,395,250,716,1209,674,1104,651,145,15,9,46,190,5404
10901,42,18,17,11,12,0,0,0,4,56,187,383,382,1295,1416,780,1090,834,309,52,31,48,246,6866
10902,12,8,3,0,0,0,0,0,0,11,49,306,62,362,374,66,61,22,18,7,6,12,65,1361
10903,42,30,9,11,3,0,0,0,0,44,161,618,200,869,936,337,449,184,49,21,9,37,188,3897
11001,21,14,3,6,5,12,3,3,3,22,115,454,178,588,886,464,599,486,291,32,8,28,164,4178
11002,25,27,17,8,4,0,0,0,3,26,142,632,204,874,938,393,407,129,49,9,9,25,189,3858
11003,40,17,3,9,6,4,0,0,3,32,153,728,162,880,679,220,298,178,99,22,6,24,177,3473
11004,46,52,24,29,15,7,0,0,4,51,263,833,342,1184,1735,1039,1375,1175,405,55,15,64,364,8586
11101,53,36,12,23,20,6,4,3,3,79,309,527,697,889,1098,706,1519,2485,1456,426,93,101,344,10341
11102,26,20,7,18,28,3,0,0,0,41,175,330,315,584,668,411,1086,1437,663,182,23,41,232,5972
11103,60,48,23,32,52,35,8,3,20,126,541,1050,1506,1464,1933,1272,2741,4890,3329,984,374,409,758,20710
11201,27,22,5,20,13,27,11,8,17,61,240,534,313,550,774,579,1029,1771,2106,704,255,267,288,9170
11202,31,30,19,17,21,4,0,0,3,48,207,579,347,858,1272,807,1290,1401,403,52,10,39,274,7332
11203,25,24,14,21,39,35,11,6,5,61,299,439,373,641,779,590,1180,2457,2197,527,143,153,337,9816
11301,36,36,15,7,4,0,0,0,3,35,184,740,252,933,1282,600,554,237,119,9,10,31,240,5007
11302,11,11,0,0,4,0,0,0,0,13,44,245,91,287,378,171,153,93,15,3,0,18,66,1520
11303,46,47,14,19,10,7,3,0,3,61,270,922,530,1229,1833,1019,1418,1399,638,135,27,66,378,9594
11401,34,35,26,38,18,5,3,0,8,53,259,564,363,956,1490,1239,1950,1561,529,57,26,85,290,9110
11402,6,23,6,7,11,3,0,4,3,16,93,288,35,271,436,282,584,718,545,185,73,68,138,3623
11501,0,0,0,3,9,12,9,6,12,29,84,259,63,115,107,117,149,321,1346,1655,802,813,250,5997
11502,4,0,0,0,0,0,5,0,0,9,24,197,11,44,59,56,76,137,200,147,98,135,70,1230
11503,0,5,0,0,5,0,0,0,0,0,15,137,15,45,98,59,105,157,156,68,36,29,52,957
11504,0,0,0,4,0,3,3,0,0,7,17,83,3,27,51,62,71,124,184,224,249,120,50,1248
11601,38,33,8,19,45,43,7,0,8,83,362,695,1004,877,829,482,1088,3060,3233,480,74,95,469,12386
11602,4,0,4,4,8,13,9,5,0,19,78,159,73,118,209,175,269,680,1462,958,551,149,146,4949
11603,46,32,25,26,53,28,0,0,0,82,383,524,774,1188,1189,914,1337,2903,1668,177,32,79,468,11253
11701,8,6,3,6,11,16,6,5,5,36,151,305,547,315,245,111,293,884,1138,512,540,266,216,5372
11702,6,10,6,14,12,18,12,3,4,22,129,252,216,246,324,339,677,1481,1939,1214,727,600,220,8235
11703,45,49,18,21,101,152,138,100,245,251,1357,1913,2692,1486,1239,836,1836,3771,6710,8010,6783,9545,1626,46447
11801,11,4,6,5,43,48,44,41,89,105,446,706,249,247,217,250,612,1498,3405,3990,3052,5968,660,20854
11802,30,29,8,9,28,62,73,48,67,119,574,946,1188,781,642,388,640,1504,4479,4792,2558,3076,766,21760
11901,37,29,10,21,31,70,15,9,8,131,506,998,1368,1188,975,482,820,2345,4040,1383,331,160,662,14752
11902,15,13,11,31,91,60,13,9,9,66,350,558,500,545,620,540,1724,4606,2883,1218,378,212,523,14307
11903,20,15,7,8,25,36,23,3,6,79,305,667,817,601,553,316,674,1852,3239,1709,576,358,526,11888
11904,13,3,3,14,31,61,28,3,3,60,259,568,334,339,367,314,642,2384,4704,2375,740,462,490,13719
12001,8,3,0,0,8,21,14,9,16,32,130,360,296,239,180,171,177,520,1584,2214,1669,1420,259,9089
12002,3,3,0,6,8,7,9,15,17,37,126,304,399,241,259,193,399,775,1189,1417,1416,1949,245,8786
12003,13,15,11,16,37,73,31,15,7,64,314,615,418,478,596,450,1020,3147,6088,3158,1109,808,598,18485
12101,3,4,3,7,9,25,31,21,58,64,251,493,275,221,188,130,226,688,2794,3069,1634,2627,407,12752
12102,7,5,3,3,8,16,10,3,3,39,117,284,197,234,221,152,311,674,2113,1465,376,231,203,6461
12103,4,0,0,3,0,6,9,18,23,20,86,279,64,83,64,51,103,229,595,874,839,2142,180,5503
12104,10,4,3,3,17,45,44,31,90,54,337,493,256,153,180,175,322,1418,4129,3943,2421,3992,461,17943
12201,3,3,0,3,10,18,23,7,23,19,125,176,105,92,94,73,96,316,952,1070,788,1721,163,5646
12202,0,3,5,3,4,4,8,0,13,33,78,242,6,33,55,101,140,303,626,597,470,1067,134,3774
12203,16,7,7,6,24,33,30,26,25,67,287,564,388,406,250,210,368,1140,3252,2544,1445,2265,453,13285
12301,3,4,3,4,8,5,5,0,3,16,55,93,126,88,85,79,181,554,1030,523,103,36,95,2993
12302,40,38,21,36,65,19,0,5,6,113,438,661,1071,1416,1370,910,2106,3754,2104,370,60,76,592,14490
12303,0,10,4,6,5,3,3,0,0,16,54,224,23,119,178,151,345,448,312,104,38,43,98,2083
12401,13,14,10,5,16,3,0,0,0,29,103,255,68,311,472,447,961,1541,878,227,50,52,173,5435
12402,0,0,0,0,0,0,0,0,0,0,0,0,0,0,0,0,0,0,0,0,0,0,0,0
12403,20,10,17,21,49,25,3,4,9,74,280,503,520,528,734,862,1534,3514,2108,448,121,92,400,11364
12404,14,11,3,9,16,14,0,0,0,23,100,185,94,279,366,386,558,1192,758,121,25,37,140,4141
12405,8,9,8,13,25,9,0,0,0,43,134,170,207,221,267,250,613,1436,1020,87,14,25,181,4491
12501,4,8,6,18,48,56,25,6,5,41,241,319,226,304,322,223,679,1731,2567,1419,406,217,337,8750
12502,17,9,0,4,3,12,9,4,7,40,152,425,574,477,296,184,226,471,1372,903,317,163,256,5664
12503,40,30,19,16,28,57,19,3,4,114,414,831,1112,1064,953,556,1117,3034,3882,923,172,120,622,14386
12504,27,16,14,28,54,58,21,6,14,98,401,637,899,763,734,468,1055,4342,6676,1620,323,197,626,18340
12601,0,0,0,3,3,4,3,5,8,15,41,153,44,56,99,48,79,256,958,704,360,289,125,3171
12602,17,13,3,11,25,38,28,12,15,80,299,667,688,593,485,319,734,2378,4076,2167,1047,928,525,14607
12701,14,14,10,5,19,31,4,3,4,66,210,463,470,547,405,239,386,918,1481,608,127,69,302,6015
12702,39,26,31,43,57,77,11,0,8,96,451,789,815,1175,1201,951,2086,3344,3722,688,129,114,665,15679
12703,27,14,14,29,44,22,16,0,0,73,299,538,622,620,647,693,1425,2317,2358,856,135,91,403,10705
12801,9,9,4,12,9,29,10,9,9,61,186,402,378,297,332,347,586,1595,2876,1472,749,669,301,10004
12802,11,0,4,3,7,15,8,4,0,32,107,253,274,238,234,164,260,848,1783,899,397,260,179,5789
19797,0,0,0,0,0,0,0,0,0,0,0,0,0,0,0,0,0,0,0,0,0,0,0,0
20101,54,45,16,29,11,3,4,0,3,63,273,473,567,1437,2117,1415,2364,1302,422,66,29,53,380,10625
20102,6,9,4,0,3,0,0,0,0,10,42,235,100,249,308,209,264,172,28,12,3,12,64,1656
20103,20,17,5,3,0,0,0,0,3,18,77,240,133,393,531,144,111,25,9,3,0,14,90,1693
20201,26,40,24,22,22,8,4,0,3,62,250,431,558,1108,2049,1235,2105,1354,390,70,26,70,334,9730
20202,14,12,4,6,3,5,0,0,3,24,90,317,153,325,522,329,481,372,137,39,3,22,130,2830
20203,5,3,0,0,0,0,0,0,3,9,24,218,56,163,128,26,24,15,3,3,6,3,44,689
20301,0,0,0,3,3,0,0,0,3,6,19,115,15,74,96,90,108,92,31,12,3,9,36,681
20302,79,77,28,55,44,8,3,0,11,143,508,932,910,1963,2839,1966,3540,3425,1514,305,76,153,693,18316
20303,9,7,5,18,17,6,0,0,3,23,103,379,76,211,422,442,962,1160,814,253,39,64,148,4970
20401,28,19,12,16,4,0,0,0,3,48,169,511,217,603,1002,551,658,330,104,24,9,42,275,4326
20402,19,31,16,4,0,0,0,0,4,32,135,362,304,682,1148,566,548,249,51,7,3,28,195,4143
20403,20,30,10,9,11,6,0,0,6,65,193,550,424,909,1489,930,1246,837,262,55,29,249,354,7334
20501,8,14,12,15,6,0,0,0,3,47,128,303,156,437,584,417,676,453,69,12,12,18,156,3293
20502,18,24,15,5,3,3,0,3,3,33,149,460,271,580,948,531,604,321,99,21,3,43,155,4036
20503,10,21,10,8,14,12,0,0,4,48,159,593,252,463,899,703,922,624,405,162,38,94,316,5471
20504,56,61,14,9,8,0,0,0,3,69,270,468,622,1623,2080,663,767,509,152,19,14,43,275,7235
20505,24,25,9,11,3,0,0,0,0,15,114,415,204,666,940,404,459,299,88,16,7,25,139,3662
20601,13,13,15,22,17,17,3,3,3,57,192,424,354,348,630,750,1459,2629,3096,1317,415,284,424,12130
20602,16,13,4,9,11,7,8,0,0,36,133,258,309,255,438,508,1097,1444,1509,916,304,226,232,7496
20603,25,26,8,3,10,13,4,3,3,53,196,475,610,618,675,566,1048,1920,1877,618,228,188,342,9165
20604,20,28,20,89,235,216,155,88,163,159,1260,934,680,671,782,518,1548,3946,6745,4967,2343,2582,920,26636
20605,20,28,12,23,59,76,42,23,52,101,494,663,917,662,900,711,2088,4035,5610,3102,1598,2113,621,23020
20606,7,15,4,30,38,28,8,16,25,51,264,414,441,337,405,283,1197,2380,3124,1633,933,1163,359,12669
20607,27,23,7,24,15,16,10,9,7,73,285,666,1000,1043,835,479,1325,1878,3115,2884,1440,1206,547,16418
20701,14,21,15,25,44,30,17,4,16,61,269,729,270,427,554,444,1112,3331,4298,2047,995,1673,500,16380
20702,3,3,0,4,14,20,10,5,0,20,88,307,61,116,122,128,292,1150,1760,742,239,179,212,5308
20703,10,12,4,23,14,28,10,0,3,50,167,524,276,506,421,288,944,2132,2434,819,244,241,386,9215
20801,19,6,3,11,8,17,10,7,13,53,162,427,352,359,248,157,363,977,1473,907,564,1320,263,7410
20802,18,18,11,22,38,45,21,8,7,66,276,669,272,510,690,876,2130,3592,4137,1790,722,817,543,16748
20803,13,14,12,24,31,13,3,3,5,53,208,421,344,452,643,663,1501,2601,2011,775,254,226,321,10212
20804,6,3,3,29,16,18,3,0,3,22,106,147,71,128,144,150,611,1037,1206,460,213,385,144,4696
20901,18,12,6,18,32,24,3,0,5,74,225,516,549,582,569,495,1258,3089,2137,545,151,179,439,10509
20902,29,21,11,32,52,27,8,3,3,92,340,472,569,619,724,656,1644,3328,1825,311,78,162,471,10859
20903,6,5,0,3,4,8,0,0,3,15,50,182,70,140,112,78,167,438,466,170,44,50,101,2018
20904,12,14,11,17,64,26,4,0,5,70,234,469,122,314,484,475,1590,4068,2112,213,45,147,447,10486
21001,7,0,3,0,15,9,3,0,3,15,58,171,39,76,126,140,425,1210,775,164,33,49,114,3322
21002,3,4,3,0,5,3,0,0,0,0,21,120,40,76,102,94,194,254,175,44,3,12,32,1146
21003,11,12,3,12,39,17,0,0,3,55,169,437,214,279,409,352,1002,2282,1247,136,16,107,247,6728
21004,4,4,3,3,14,0,0,0,3,15,54,91,45,82,176,227,541,755,284,35,6,14,73,2329
21005,14,19,13,23,58,14,0,3,0,72,241,403,263,455,576,486,1296,3374,1071,100,35,93,405,8557
21101,6,11,8,17,33,21,3,3,0,53,183,398,345,411,488,383,1189,2959,2116,314,75,92,374,9144
21102,0,0,0,0,0,4,0,3,3,3,13,73,12,19,33,17,44,185,253,83,26,48,55,848
21103,10,13,12,18,26,3,3,0,6,70,188,309,303,412,510,443,1559,2918,1483,230,54,88,289,8598
21104,5,4,5,6,8,8,0,3,4,33,87,245,185,187,222,189,396,1274,1168,228,38,69,172,4373
21105,10,18,14,27,24,9,0,3,3,57,201,554,248,402,702,634,1206,2093,1064,165,46,56,311,7481
21201,8,12,10,15,25,6,0,0,4,28,120,295,91,228,341,320,1009,1999,579,68,26,46,195,5197
21202,10,13,8,21,38,8,3,3,0,63,192,299,238,347,426,406,1318,3069,1322,180,40,108,349,8102
21203,9,14,11,28,42,16,3,0,4,65,200,283,157,287,390,433,1394,2999,1247,145,32,98,311,7776
21204,37,59,32,65,100,13,3,3,13,93,461,719,708,978,1721,1575,3786,5110,1585,227,68,254,752,17483
21205,12,4,9,21,46,46,21,7,12,59,261,638,370,584,534,376,1070,3577,4384,1574,446,384,566,14503
21301,20,35,33,53,96,7,0,3,3,111,401,641,302,674,1301,1172,2849,4465,953,125,41,174,678,13375
21302,14,12,8,27,35,7,6,0,0,72,205,338,278,362,578,513,1406,2289,1252,485,149,190,302,8142
21303,17,28,28,30,22,22,8,0,7,60,261,448,558,614,1014,780,1530,2484,2016,545,136,154,372,10651
21304,15,20,14,30,27,14,0,0,0,46,187,301,168,358,747,779,1959,2469,881,88,36,67,298,8151
21305,11,22,15,49,60,7,5,0,7,81,273,369,157,381,845,994,3433,5404,1552,232,74,167,449,14057
21401,22,34,24,41,43,10,5,0,6,91,330,440,528,658,1157,1164,2990,3995,1305,260,61,138,427,13123
21402,29,26,15,34,41,15,5,3,7,104,329,726,398,622,1067,1095,2196,2702,1417,356,129,184,449,11341
21501,43,31,4,11,7,0,0,0,11,53,215,881,399,1279,1384,345,388,194,77,21,10,51,308,5337
21502,45,54,18,12,7,0,5,3,4,48,243,552,355,1053,1588,792,838,339,84,21,16,41,238,5917
21503,42,26,14,0,6,5,0,0,3,32,169,712,295,874,889,341,251,116,26,4,3,24,212,3747
21601,24,18,11,4,4,3,0,0,3,24,114,369,272,628,817,427,492,199,45,4,12,24,144,3433
21602,14,20,8,6,3,0,0,3,0,28,107,351,157,461,689,298,261,148,38,11,7,13,130,2564
21603,30,45,17,16,11,3,0,3,3,70,241,415,373,913,1605,839,1012,601,183,32,6,38,278,6295
21701,15,15,6,4,3,0,3,0,3,21,96,453,274,632,736,415,346,162,51,15,0,29,159,3272
21702,29,46,21,20,7,6,0,3,4,68,249,1036,448,1083,1714,878,1147,881,415,71,30,84,397,8184
29797,0,0,0,0,0,0,0,0,0,0,0,0,0,0,0,0,0,0,0,0,0,0,0,0
30101,9,4,4,5,17,20,3,0,0,29,111,283,190,313,268,162,249,1147,2019,505,106,94,173,5509
30102,9,17,12,4,16,28,6,3,4,49,172,393,190,259,533,394,479,968,2230,969,220,200,221,7056
30103,9,9,8,7,24,30,0,0,5,43,158,353,276,338,317,266,385,1191,2792,745,258,206,211,7338
30201,0,5,0,7,7,6,0,0,0,11,36,97,37,72,88,122,141,647,1179,356,88,59,85,2971
30202,14,9,6,16,30,32,3,3,0,53,206,517,353,524,489,355,634,2090,2932,537,115,144,296,8986
30203,4,7,0,4,14,11,0,8,5,23,103,257,164,226,263,217,437,1315,1672,336,68,48,137,5140
30204,14,12,3,9,20,28,0,0,0,49,157,348,249,347,447,287,458,1593,2158,190,42,40,199,6358
30301,5,4,5,0,6,13,0,0,0,22,73,230,184,209,174,96,185,676,2004,661,221,154,122,4916
30302,15,9,6,10,34,19,11,6,3,41,208,703,524,531,633,525,1208,2998,3216,1020,357,289,305,12309
30303,3,16,6,6,16,27,9,4,4,30,135,367,222,323,400,194,370,1018,2770,661,180,125,237,6867
30304,5,4,4,16,16,15,3,0,6,27,109,255,165,219,240,175,327,884,1345,278,114,63,145,4210
30305,5,0,4,0,15,17,5,0,0,29,79,191,85,204,168,126,199,884,2320,362,82,37,150,4808
30306,4,6,0,0,10,25,5,4,0,25,92,180,72,185,191,110,163,816,2122,372,96,72,212,4591
30401,0,0,0,3,3,7,0,0,0,10,27,86,6,35,34,38,58,313,919,293,97,89,47,2015
30402,0,0,3,0,3,4,0,0,0,8,21,115,11,57,71,39,76,193,775,405,191,219,70,2222
30403,6,9,3,6,24,33,35,16,12,20,171,323,105,153,311,159,420,1355,2421,1237,485,453,200,7622
30404,5,7,3,0,3,14,6,0,3,22,76,267,227,327,314,332,356,797,1462,403,109,83,131,4808
30501,20,28,4,24,47,45,61,41,69,65,444,644,282,506,706,376,978,2012,3304,2781,1473,1574,440,15076
30502,3,15,6,13,16,10,10,4,3,19,117,319,198,181,222,179,402,1048,2018,963,370,461,135,6496
30503,10,18,16,22,31,37,19,8,11,52,258,463,233,436,760,574,1237,3077,3611,1856,784,790,367,14188
30504,0,14,0,8,10,18,9,12,12,26,123,259,79,182,355,287,573,1520,2626,1436,595,596,196,8704
30601,3,18,9,22,24,9,4,0,22,46,174,193,58,174,472,543,1209,1619,1437,282,92,153,185,6417
30602,40,97,36,50,67,17,8,11,14,119,520,812,546,1143,2384,1641,2228,3798,1402,268,111,155,498,14986
30603,16,24,20,17,4,8,3,0,11,40,169,482,167,628,947,483,660,425,198,53,30,74,221,4368
30604,11,17,8,11,11,4,4,0,16,17,112,143,48,150,238,177,294,331,189,58,15,79,71,1793
30605,31,38,12,17,14,3,0,0,3,38,191,569,188,567,708,479,739,593,185,19,6,18,202,4273
30701,32,16,8,6,7,3,0,0,0,41,160,1428,210,782,703,370,495,472,330,99,46,60,424,5419
30702,17,29,10,10,17,0,0,0,0,24,125,625,123,537,667,527,671,534,173,29,9,28,215,4138
30703,24,24,10,17,8,0,3,0,0,25,130,385,110,579,932,554,856,414,51,7,3,18,134,4043
30801,6,6,3,3,7,9,10,3,3,33,107,1695,226,411,206,103,192,258,406,377,189,206,403,4672
30802,18,17,7,18,24,28,5,7,7,79,245,1006,367,698,588,436,785,1224,1579,614,208,167,584,8256
30803,46,49,28,34,43,27,4,0,9,80,386,910,462,1067,1316,1224,2147,2763,1457,249,73,90,515,12273
30901,3,0,8,8,46,37,13,9,19,43,205,294,83,150,225,215,646,2458,2512,945,379,376,260,8543
30902,8,23,6,22,30,24,13,3,3,46,201,372,158,217,337,339,1019,1870,1863,611,175,143,200,7304
30903,13,17,7,29,57,40,3,9,4,56,256,387,215,298,342,285,863,3047,2606,744,250,290,274,9601
30904,3,3,3,3,3,3,0,0,0,10,28,141,10,47,65,85,123,253,322,105,25,25,50,1251
30905,0,3,0,3,8,6,3,3,3,10,42,114,26,70,79,41,66,525,784,398,109,92,63,2367
30906,5,6,0,4,17,34,3,0,3,33,116,214,117,188,264,161,347,1166,2539,595,166,124,165,6046
30907,6,3,3,6,17,57,5,5,7,43,155,256,28,120,182,158,331,1783,5705,1202,371,381,241,10758
30908,5,0,4,6,11,35,12,0,5,27,119,162,60,128,119,74,148,737,2906,1087,275,191,134,6021
30909,13,14,11,16,38,29,25,8,6,59,250,381,260,373,368,267,844,2067,2610,1015,276,189,282,8932
30910,3,3,9,24,34,45,27,12,16,30,207,196,6,59,212,295,852,1467,1639,830,373,460,176,6565
31001,21,12,3,10,28,28,3,3,4,49,189,466,415,701,546,322,621,2217,1960,187,50,38,273,7796
31002,14,13,14,11,22,6,0,0,0,33,127,427,92,296,532,496,981,1146,280,51,9,31,197,4538
31003,23,24,23,51,54,9,3,0,4,75,293,552,377,710,928,1040,2895,3789,678,114,26,67,377,11553
31004,6,7,10,18,47,21,0,3,7,41,172,192,129,369,316,350,1045,4016,1882,165,45,55,200,8764
31101,4,8,3,9,3,3,0,0,0,9,51,157,51,119,190,111,201,406,173,13,3,14,46,1484
31102,6,8,7,15,25,9,3,0,0,42,135,226,177,271,213,246,821,1844,1057,77,24,28,146,5130
31103,9,11,6,13,50,30,0,0,0,49,188,242,129,302,287,187,430,2925,2178,181,37,42,257,7197
31104,0,0,0,0,3,10,6,0,0,11,30,83,9,29,37,54,96,274,558,222,37,10,66,1475
31105,12,6,11,13,29,10,0,0,0,42,143,199,130,286,225,188,468,1662,1693,253,60,42,165,5371
31106,27,21,16,31,59,21,4,0,3,79,304,529,401,716,638,537,1603,3127,1418,252,49,56,323,9649
31201,7,9,6,5,6,11,6,3,5,56,177,2749,420,438,303,232,255,375,342,148,52,428,555,6297
31202,28,20,18,28,36,38,18,4,5,94,342,900,347,700,773,565,1064,2052,2903,1426,299,210,510,11749
31203,3,8,4,0,13,11,3,8,11,16,82,162,51,144,222,190,343,573,471,162,45,120,125,2608
31301,11,7,6,22,17,6,3,0,3,36,122,169,81,200,259,288,727,1186,562,115,25,26,133,3771
31302,15,18,15,35,64,12,3,0,0,62,240,299,189,353,426,439,1311,3802,838,80,22,45,254,8058
31303,0,3,3,3,5,3,0,3,0,6,29,100,15,44,100,71,143,224,89,20,9,3,50,868
31304,7,7,8,12,31,17,0,0,5,42,137,186,112,267,267,218,626,2023,1095,144,28,32,165,5163
31305,21,29,9,24,43,20,3,3,8,68,278,496,384,581,710,533,1215,2668,1470,238,79,86,270,8730
31401,0,0,4,3,4,13,7,0,4,22,60,145,24,84,161,265,217,679,1638,382,144,94,105,3938
31402,12,4,0,12,20,17,0,0,0,24,101,130,78,192,189,185,288,1712,2383,302,84,38,124,5705
31403,6,0,3,14,15,9,0,0,4,20,79,134,112,183,176,176,368,1205,911,45,9,20,105,3444
31501,11,9,3,3,3,3,4,3,5,26,141,2427,578,739,400,141,190,168,100,112,60,79,358,5352
31502,18,10,4,13,6,6,8,0,3,50,162,1333,290,575,385,245,308,388,479,338,129,79,392,4941
31503,26,6,3,0,0,3,3,0,0,21,105,1081,217,555,353,128,129,70,33,13,12,37,267,2895
31601,8,6,0,3,11,10,8,0,0,14,70,217,77,125,126,118,236,563,1742,514,122,61,110,4011
31602,13,15,4,15,32,49,13,7,7,49,228,385,176,321,344,292,759,2122,3071,779,212,163,227,8851
31603,18,7,8,22,42,35,20,10,10,51,251,417,244,308,319,382,1116,2767,2393,564,165,181,229,9085
31604,9,11,7,8,10,12,3,0,0,34,114,405,119,323,409,310,570,1244,1048,184,45,39,165,4861
31605,0,6,8,11,10,22,4,3,28,42,141,234,83,129,184,167,371,1068,1550,621,210,288,180,5085
31606,6,5,3,11,13,16,4,0,3,23,91,304,59,212,273,212,384,943,881,132,25,29,137,3591
31701,40,85,22,50,42,22,0,0,6,102,426,848,435,1195,2574,1721,3733,3418,1255,163,50,80,531,16003
31801,24,33,14,12,3,3,3,0,0,30,151,849,253,795,1020,519,642,340,69,27,12,23,222,4771
31802,49,36,44,58,61,54,15,10,21,137,550,1119,653,1345,1833,2086,3179,5663,5190,951,230,309,772,23330
31901,39,61,18,52,20,21,3,0,3,75,327,642,328,805,1501,995,2572,1912,358,70,15,66,334,9598
31902,24,29,18,12,10,3,3,0,3,38,185,876,336,702,1122,606,708,347,95,15,4,35,224,5070
31903,18,22,14,25,3,0,0,3,4,43,146,409,167,415,760,611,1225,784,114,27,15,30,185,4742
31904,18,25,17,35,32,8,3,0,8,65,247,309,169,399,733,724,2000,1911,290,68,21,52,236,6912
31905,25,28,15,22,5,0,0,0,0,43,157,382,161,395,805,673,1077,492,65,22,7,59,147,4285
39797,0,0,0,0,0,0,0,0,0,0,0,0,0,0,0,0,0,0,0,0,0,0,0,0
40101,7,20,13,24,40,32,15,9,20,30,234,207,248,247,348,252,512,933,1351,537,163,209,168,5175
40102,6,10,4,10,7,4,3,0,5,16,75,321,154,319,329,309,732,1108,535,118,35,46,159,4165
40103,6,0,3,4,13,4,6,0,4,22,68,198,104,131,238,250,601,857,586,304,139,132,110,3650
40104,10,9,10,16,22,13,0,3,0,32,122,284,364,382,375,328,855,1316,625,110,26,29,184,4878
40105,5,5,10,13,9,6,3,0,4,31,115,364,413,400,419,434,973,1142,843,295,81,96,188,5648
40106,6,0,0,6,10,6,0,0,0,10,52,239,194,195,280,229,587,681,471,148,46,51,101,3222
40107,4,3,3,5,9,4,3,0,5,24,79,237,262,216,324,325,759,1042,723,306,126,131,136,4587
40201,7,5,4,6,10,4,0,0,0,23,70,191,172,221,341,331,624,530,130,14,0,11,98,2663
40202,55,40,28,38,27,5,0,0,8,90,383,664,1146,1311,1587,1411,2322,1557,177,23,7,51,405,10661
40203,29,16,13,25,18,7,5,0,0,71,251,471,1015,1002,881,701,1493,1951,834,67,21,47,426,8909
40204,46,40,20,31,47,8,0,3,3,88,353,747,950,1218,1373,1239,2708,3076,673,137,45,66,500,12732
40205,9,9,7,10,23,3,0,0,4,38,129,363,490,472,463,450,1217,2009,531,54,12,36,230,6327
40301,10,3,5,11,17,14,0,5,6,9,97,233,174,281,405,377,797,1015,631,245,106,133,114,4511
40302,33,18,12,23,27,16,4,0,4,67,273,733,1172,1144,851,598,1318,2293,1346,149,49,70,409,10132
40303,17,10,3,3,4,0,4,0,0,14,74,247,156,311,375,326,823,1020,652,172,65,62,153,4362
40304,45,25,4,53,43,11,0,0,5,100,357,855,1045,1219,1230,1065,3129,3718,1022,114,55,81,498,14031
40401,38,25,17,29,26,13,7,5,12,90,407,973,1311,1345,1293,951,1981,2645,1445,269,116,119,514,12962
40402,36,22,13,14,25,6,4,0,5,67,272,643,941,946,864,629,1183,1508,635,110,41,47,322,7869
40403,25,17,10,20,24,8,0,4,3,42,192,539,532,686,948,838,1595,1897,1036,199,62,68,298,8698
40501,5,5,6,3,4,0,0,0,0,8,40,244,112,254,421,323,502,320,70,9,4,24,86,2369
40502,13,8,6,4,0,0,0,0,0,12,55,382,125,347,485,199,207,82,20,9,15,22,97,1990
40503,20,16,3,5,0,0,0,0,0,37,112,456,353,680,768,200,188,77,29,3,3,21,161,2939
40504,13,11,7,8,3,0,0,0,3,23,85,389,180,383,517,288,358,112,22,11,6,22,151,2439
40601,30,49,3,10,7,3,0,0,3,88,256,1076,918,1373,1761,558,648,586,198,38,16,54,450,7676
40602,20,29,6,5,5,0,3,0,0,44,171,1130,326,820,832,234,211,169,197,130,67,56,309,4481
40701,12,14,11,14,7,4,0,0,4,34,116,416,188,428,798,664,945,557,97,13,8,36,155,4305
40702,32,34,7,11,4,0,0,0,0,47,189,878,614,1610,1703,740,596,214,57,16,6,55,320,6809
40703,55,49,8,6,3,4,0,0,3,58,248,1085,741,1729,1914,705,751,233,40,14,9,53,348,7622
49797,0,0,0,0,0,0,0,0,0,0,0,0,0,0,0,0,0,0,0,0,0,0,0,0
50101,9,16,6,9,9,6,3,0,8,26,127,429,183,419,410,338,771,1519,678,81,14,62,219,5123
50102,41,18,13,36,30,16,4,3,6,57,268,626,418,772,939,789,1764,2403,1307,199,87,100,294,9698
50103,13,3,3,3,3,3,0,0,0,7,50,306,137,417,384,199,217,151,32,0,3,30,83,1959
50201,22,33,23,34,26,22,4,0,4,47,255,475,237,617,829,798,1884,2658,1339,190,60,74,255,9416
50301,7,4,3,8,14,23,19,16,21,28,162,443,166,217,255,281,534,742,1122,837,466,1322,198,6583
50302,24,14,12,36,50,78,78,40,79,92,584,825,651,635,728,658,1644,2795,3781,2821,1349,1482,580,17949
50401,14,17,8,17,30,34,4,4,4,55,234,584,411,510,677,513,1091,2516,2291,487,109,95,299,9583
50402,6,9,0,5,12,9,0,0,3,19,78,201,101,168,140,114,188,533,454,146,31,25,102,2203
50403,23,21,12,5,28,24,4,0,4,49,208,490,353,480,475,330,555,1957,2414,439,96,77,297,7963
50501,14,8,7,10,14,37,16,3,14,34,176,395,143,266,277,223,428,1804,3786,1194,457,470,231,9674
50502,43,39,14,40,89,71,26,5,20,141,589,1263,1120,1246,1120,968,2161,5805,5769,1587,624,714,744,23121
50503,19,16,5,6,27,40,6,4,3,53,220,465,338,554,448,327,630,2513,4247,964,206,184,340,11216
50601,13,9,3,8,26,8,3,0,5,36,139,289,208,326,317,263,715,1883,669,228,32,32,185,5147
50602,27,18,7,18,49,40,8,5,3,67,304,619,649,592,567,482,1023,2526,2763,829,275,253,347,10925
50603,19,16,12,11,27,39,9,3,3,54,246,581,470,703,468,320,575,1968,2912,704,155,182,363,9401
50604,21,9,12,19,48,19,3,0,0,47,212,378,258,511,469,398,719,2429,2135,521,58,67,307,8250
50605,3,3,0,7,7,3,0,0,4,12,50,223,81,190,157,137,227,708,947,235,47,39,107,3098
50606,0,0,0,0,3,4,0,0,0,3,10,99,13,38,48,42,85,136,256,56,16,8,44,841
50607,14,4,0,5,22,33,10,4,28,31,176,407,242,353,289,217,398,1463,1628,702,298,454,193,6644
50701,25,10,3,9,20,18,5,3,4,50,178,406,369,467,410,285,560,1451,2447,609,100,129,276,7509
50702,6,3,3,6,4,9,8,4,11,38,114,399,413,304,243,171,354,714,916,547,223,273,227,4784
50703,7,5,4,9,19,6,5,3,3,14,87,128,135,231,203,231,591,713,450,34,10,15,93,2834
50704,9,17,3,9,18,25,7,3,6,40,174,557,303,385,385,271,452,1449,2336,1035,378,547,255,8353
50705,17,22,23,29,45,25,0,3,7,66,274,389,283,469,682,744,1498,3187,2343,285,65,90,283,10318
50801,8,8,6,5,5,0,0,0,0,21,75,294,99,278,275,194,291,249,140,29,6,18,119,1992
50802,9,9,10,0,3,3,4,5,3,19,97,305,135,267,247,120,128,151,129,70,27,150,181,1910
50803,17,17,7,9,9,9,0,4,0,34,151,1020,253,601,603,344,564,815,658,225,95,48,271,5497
50804,17,13,5,16,8,7,6,3,25,61,240,2077,487,786,560,266,260,273,318,294,250,502,624,6697
50805,42,18,13,15,18,11,3,3,0,60,243,890,356,771,909,535,784,846,696,141,23,65,387,6403
50806,10,4,3,3,3,9,3,0,19,86,223,4158,439,1299,558,226,202,200,163,135,85,1322,1317,10104
50901,23,12,9,18,15,0,0,0,3,36,156,897,367,954,906,554,978,987,348,30,13,48,294,6376
50902,23,21,3,4,3,0,0,3,0,37,157,1230,387,853,725,385,419,362,194,44,9,24,322,4954
50903,18,10,0,4,7,0,0,0,0,13,71,577,170,444,373,162,135,103,64,30,8,9,158,2233
59797,0,0,0,0,0,0,0,0,0,0,0,0,0,0,0,0,0,0,0,0,0,0,0,0
60101,5,13,8,8,0,4,0,0,3,17,84,113,255,263,321,212,282,170,53,15,0,6,69,1759
60102,8,13,3,9,14,4,4,0,3,33,130,250,387,447,449,357,798,858,409,91,27,25,141,4239
60103,32,26,19,16,14,5,0,0,3,48,228,341,782,776,908,635,1277,1250,254,17,6,42,200,6488
60104,7,5,0,3,11,3,0,0,3,4,39,120,141,187,199,146,354,732,404,70,9,19,56,2437
60105,20,17,9,10,18,9,5,4,3,19,143,343,342,539,876,517,964,1387,1182,411,136,104,168,6969
60106,6,5,4,3,0,3,0,0,0,0,27,80,41,100,166,115,243,234,60,5,0,9,28,1081
60201,47,36,22,28,15,6,0,0,3,80,308,525,882,1201,1813,1152,1912,1518,404,91,17,52,260,9827
60202,5,4,9,4,0,0,0,0,0,11,40,213,93,230,322,200,249,117,31,3,0,12,62,1532
60203,19,15,12,4,3,0,0,0,0,23,107,617,311,561,823,389,341,161,41,5,0,20,162,3431
60301,3,3,3,3,0,0,0,0,0,17,37,214,54,125,131,61,56,40,5,0,0,4,67,757
60302,0,3,4,5,4,0,0,0,0,12,37,162,48,152,215,180,211,164,30,3,3,9,48,1225
60303,4,3,0,0,0,0,0,0,0,5,19,109,16,91,183,91,70,14,12,0,3,3,25,617
60401,24,28,14,14,5,4,0,0,3,28,181,376,584,875,1293,682,787,314,53,14,7,25,166,5176
60402,22,28,5,16,5,0,0,0,0,28,130,373,419,598,905,622,914,391,62,7,8,19,143,4461
60403,7,9,4,0,0,0,0,0,0,16,53,539,101,423,431,131,84,37,14,3,3,6,122,1894
69797,0,0,0,0,0,0,0,0,0,0,0,0,0,0,0,0,0,0,0,0,0,0,0,0
70101,0,3,0,3,5,13,7,5,10,19,83,374,65,110,259,207,232,391,843,768,606,727,199,4781
70102,10,16,4,7,18,17,17,5,10,41,188,564,208,340,403,342,517,1039,1431,1031,352,295,261,6783
70103,3,3,3,3,3,3,3,0,0,6,41,191,20,58,70,71,86,112,148,153,75,70,63,1117
70104,8,5,0,3,5,10,6,0,0,22,75,390,146,211,211,339,192,332,862,804,347,126,201,4161
70201,24,9,3,7,17,3,8,4,22,82,269,1864,257,325,301,150,275,450,627,489,163,162,608,5671
70202,9,3,3,3,0,0,3,0,0,31,88,465,46,101,50,46,29,34,28,16,3,7,167,992
70203,6,7,0,0,0,3,3,3,11,22,92,1599,198,230,136,42,48,34,23,13,12,34,291,2660
70204,3,0,0,0,0,0,0,0,0,8,24,1642,243,227,60,32,26,16,15,10,6,18,282,2577
70205,6,5,5,4,3,0,0,0,5,37,131,1164,146,326,249,192,199,177,137,34,7,36,219,2886
79797,0,0,0,0,0,0,0,0,0,0,0,0,0,0,0,0,0,0,0,0,3,0,0,3
80101,14,10,3,3,7,25,12,3,3,43,152,453,523,607,432,270,382,939,3448,1447,345,179,305,9330
80102,0,0,0,0,0,0,0,0,0,0,0,20,6,22,9,6,6,12,10,0,0,0,7,98
80103,0,0,0,0,0,0,0,0,0,0,0,37,16,41,28,30,15,38,16,9,0,0,6,236
80104,0,0,0,0,0,13,10,0,4,7,37,101,107,162,132,202,329,476,1574,1042,456,187,129,4897
80105,12,9,5,7,10,21,13,5,19,34,186,519,611,489,470,219,361,738,1952,1802,735,499,279,8674
80106,3,3,0,0,4,6,8,9,7,23,80,281,247,191,131,82,116,187,956,906,404,478,156,4135
80107,13,8,0,4,5,19,8,0,0,35,116,368,416,501,330,205,302,681,2644,986,206,78,223,6940
80108,3,3,3,3,3,4,3,3,3,12,50,134,170,133,99,78,123,211,527,296,85,52,80,1988
80109,6,5,3,4,4,7,6,3,5,13,64,223,246,189,178,132,273,618,1116,751,235,183,113,4257
89797,0,0,0,0,0,0,0,0,0,0,0,0,0,0,0,0,0,0,0,0,0,0,0,0
90101,0,0,0,0,0,0,0,0,0,0,3,91,21,21,23,17,15,20,4,9,0,12,25,258
90102,0,0,0,0,0,0,0,0,0,0,3,28,5,16,14,3,0,3,0,0,3,3,21,96
90103,0,0,0,0,0,0,0,0,0,3,3,34,3,12,3,0,14,0,4,0,3,0,12,85
99797,0,0,0,0,0,0,0,0,0,0,0,0,0,0,0,0,0,0,0,0,0,0,0,0
